num_clients_per_proc,jvm_heap_size,persistLog,duration,timeout,warmup_duration,warmup_timeout,warmup_sleep,client_lag,profiled,monitored,prometheus_scrape_interval,latency.mean_ms,latency.median_ms,latency.min_ms,latency.max_ms,latency.p90_ms,latency.p95_ms,latency.p99_ms,start_throughput_1s.mean,start_throughput_1s.median,start_throughput_1s.min,start_throughput_1s.max,start_throughput_1s.p90,start_throughput_1s.p95,start_throughput_1s.p99
10,100m,True,0:00:10,0:00:03,0:00:03,0:00:03,0:00:01,0:00:01,False,True,0:00:00.200000,0.30322081371390863,0.250923,0.099545,18.201,0.43894600000000006,0.5212325999999997,0.916618640000014,29324.39039936091,29187.0,4500.0,39140.0,38732.0,38830.0,38924.0
25,100m,True,0:00:10,0:00:03,0:00:03,0:00:03,0:00:01,0:00:01,False,True,0:00:00.200000,0.4461988462696675,0.383849,0.098418,13.263164,0.6145935,0.7090344,1.4483227799999998,42372.65095474984,46649.0,5826.086956521739,56731.0,52689.0,54886.649999999994,56317.0
75,100m,True,0:00:10,0:00:03,0:00:03,0:00:03,0:00:01,0:00:01,False,True,0:00:00.200000,0.9348848077392279,0.793357,0.238786,27.497554,1.248821,1.5711749999999998,5.051271540000001,48202.41153368267,51535.0,5746.031746031746,59627.0,58320.0,58609.0,59379.0
100,100m,True,0:00:10,0:00:03,0:00:03,0:00:03,0:00:01,0:00:01,False,True,0:00:00.200000,1.1429842702797872,0.997225,0.291403,12.211768,1.5590102000000008,1.7776657999999999,5.8407064799999935,49652.43780256393,53875.0,6809.523809523809,65331.0,61887.80000000002,64420.0,65040.0
150,100m,True,0:00:10,0:00:03,0:00:03,0:00:03,0:00:01,0:00:01,False,True,0:00:00.200000,1.850610593831608,1.685588,0.42729,18.686889,2.508164,2.868202,6.409655,43552.2408018885,40452.55474452554,6964.285714285714,60369.0,56121.0,57862.0,59689.0
200,100m,True,0:00:10,0:00:03,0:00:03,0:00:03,0:00:01,0:00:01,False,True,0:00:00.200000,2.261193260486846,1.918342,0.708946,19.173767,3.2714146,3.913754399999994,8.511575960000014,47052.705700121944,44870.0,8458.333333333334,69574.0,66991.0,68984.0,69456.0
250,100m,True,0:00:10,0:00:03,0:00:03,0:00:03,0:00:01,0:00:01,False,True,0:00:00.200000,2.639687171837993,2.36954,0.886944,24.00171,3.7111423000000006,4.371372999999999,7.896044809999981,48418.23828932958,52606.0,9107.142857142857,64145.0,59025.0,61739.0,63648.03
350,100m,True,0:00:10,0:00:03,0:00:03,0:00:03,0:00:01,0:00:01,False,True,0:00:00.200000,3.857012116064163,3.585707,1.542493,38.32686,5.376515000000001,6.379227599999997,11.944595200000006,45451.70192328868,45564.0,8609.756097560976,68000.0,59480.0,61644.79999999999,63832.0
10,100m,True,0:00:10,0:00:03,0:00:03,0:00:03,0:00:01,0:00:01,False,True,0:00:00.200000,0.24772213938921403,0.21366449999999998,0.08821,12.60766,0.3281792,0.3895662,0.6454310699999997,35632.593472096625,34234.0,4500.0,44851.0,44448.0,44696.0,44802.0
25,100m,True,0:00:10,0:00:03,0:00:03,0:00:03,0:00:01,0:00:01,False,True,0:00:00.200000,0.45263921795636025,0.395036,0.101814,14.197283,0.6234504000000001,0.7294357999999997,1.6085734000000003,42318.87117779167,44804.0,4960.0,55909.0,53885.0,55014.0,55754.0
75,100m,True,0:00:10,0:00:03,0:00:03,0:00:03,0:00:01,0:00:01,False,True,0:00:00.200000,0.9881734835689956,0.836202,0.209327,19.126854,1.4081382,1.6018227999999999,4.8982958,46852.1413134644,43617.0,6285.714285714285,68632.0,63366.0,66229.0,68036.28
100,100m,True,0:00:10,0:00:03,0:00:03,0:00:03,0:00:01,0:00:01,False,True,0:00:00.200000,1.1421163473563394,0.9696225,0.226573,17.297909,1.581486,1.8082826999999995,5.888657779999999,49430.068037420395,47999.0,7470.588235294117,73506.0,68707.0,71640.0,73054.0
150,100m,True,0:00:10,0:00:03,0:00:03,0:00:03,0:00:01,0:00:01,False,True,0:00:00.200000,1.6587683568593599,1.439727,0.553194,14.464723,2.160390800000002,2.5196521000000005,8.0246561,49670.30282848579,52425.0,8974.358974358975,61728.0,58578.20000000001,60127.100000000006,61026.0
200,100m,True,0:00:10,0:00:03,0:00:03,0:00:03,0:00:01,0:00:01,False,True,0:00:00.200000,2.1263559253223954,1.878968,0.673019,21.40607,2.9019068000000003,3.4670127999999956,7.782851719999992,49251.36667593966,50208.0,9107.142857142857,71242.0,65149.600000000006,68097.79999999999,70271.95999999999
250,100m,True,0:00:10,0:00:03,0:00:03,0:00:03,0:00:01,0:00:01,False,True,0:00:00.200000,2.51102708105003,2.251242,0.56208,23.04799,3.3030480000000004,4.004256600000002,8.605924440000024,51950.65603060991,49755.95238095238,8793.103448275862,68022.0,64596.20000000001,66440.1,67636.0
350,100m,True,0:00:10,0:00:03,0:00:03,0:00:03,0:00:01,0:00:01,False,True,0:00:00.200000,4.0601059880909975,3.778389,1.221125,19.871145,6.280805,6.9125332,9.765568880000002,43690.45513370548,46757.0,9148.936170212766,61582.0,55991.2,58939.600000000006,61293.0
10,100m,True,0:00:10,0:00:03,0:00:03,0:00:03,0:00:01,0:00:01,False,True,0:00:00.200000,0.25538035756268873,0.213515,0.086733,29.088737,0.3469773,0.4156080999999998,0.8027009899999984,34553.22312206263,35386.0,3714.285714285714,44618.0,44113.0,44447.0,44557.0
25,100m,True,0:00:10,0:00:03,0:00:03,0:00:03,0:00:01,0:00:01,False,True,0:00:00.200000,0.4251737578181667,0.366612,0.103556,16.672503,0.5764562,0.6670485000000002,1.5062502400000035,44051.51651314997,49350.0,3419.3548387096776,59016.0,54337.0,56696.0,58580.42000000001
75,100m,True,0:00:10,0:00:03,0:00:03,0:00:03,0:00:01,0:00:01,False,True,0:00:00.200000,0.9531731793672842,0.809492,0.192176,16.466737,1.2851716000000004,1.4852566000000003,4.827434339999998,46923.59745734795,44907.0,7117.647058823529,69773.0,64019.0,66864.0,69326.0
100,100m,True,0:00:10,0:00:03,0:00:03,0:00:03,0:00:01,0:00:01,False,True,0:00:00.200000,1.1390163861710951,0.970816,0.329822,16.721146,1.5339524,1.7577254999999996,5.891973540000013,50374.97265321834,50516.0,6045.454545454546,70343.0,68941.0,69266.0,69930.0
150,100m,True,0:00:10,0:00:03,0:00:03,0:00:03,0:00:01,0:00:01,False,True,0:00:00.200000,1.641702200717972,1.3754855,0.508984,19.899445,2.4310828,2.8598618999999985,6.245040099999995,50444.62481073902,44953.0,7900.0,70425.0,68528.0,69908.0,70174.0
200,100m,True,0:00:10,0:00:03,0:00:03,0:00:03,0:00:01,0:00:01,False,True,0:00:00.200000,2.0784457328084627,1.859588,0.659654,20.430379,2.87545,3.337122999999998,6.39578312,50569.36009305736,48728.0,9464.285714285714,73458.0,67498.6,70202.0,73045.16
250,100m,True,0:00:10,0:00:03,0:00:03,0:00:03,0:00:01,0:00:01,False,True,0:00:00.200000,2.434239221419264,2.115712,0.860484,18.858007,3.237845400000002,4.243732600000002,6.996751839999999,53612.65046527047,56116.0,8000.0,69571.0,64110.0,66843.0,68931.62
350,100m,True,0:00:10,0:00:03,0:00:03,0:00:03,0:00:01,0:00:01,False,True,0:00:00.200000,3.954902724803188,3.7153055,1.103774,33.843645,5.5964105,6.188545250000001,9.092855899999968,43585.827900295764,40802.0,9575.0,67177.0,61433.5,64290.75,66662.0
